

CREATE TABLE `account_statements` (
  `id` int(11) NOT NULL AUTO_INCREMENT,
  `maden` varchar(250) NOT NULL DEFAULT '0',
  `daen` varchar(250) NOT NULL DEFAULT '0',
  `main_account_id` int(11) NOT NULL,
  `other_account_id` int(11) NOT NULL,
  `code_number` varchar(250) DEFAULT NULL,
  `code_type` varchar(250) NOT NULL,
  `note` varchar(250) DEFAULT NULL,
  `date` date DEFAULT NULL,
  `is_deleted` int(2) NOT NULL DEFAULT 0,
  `created_at` timestamp NOT NULL DEFAULT current_timestamp(),
  `updated_at` timestamp NOT NULL DEFAULT current_timestamp(),
  PRIMARY KEY (`id`)
) ENGINE=InnoDB AUTO_INCREMENT=53 DEFAULT CHARSET=utf8mb4;

INSERT INTO account_statements VALUES("1","0","10000","10","10","40003","accounts","ملاحظات مهند","2022-01-29","0","2022-01-29 11:25:10","2022-01-29 11:26:35");
INSERT INTO account_statements VALUES("2","100000","0","11","11","40004","accounts","ملاحظات سارة جبلة","2022-01-29","0","2022-01-29 11:29:11","2022-01-29 11:29:11");
INSERT INTO account_statements VALUES("3","0","200000","15","15","60001","accounts","ملاحظات كلودا اللاذقية","2022-01-29","0","2022-01-29 11:34:23","2022-01-29 11:34:23");
INSERT INTO account_statements VALUES("4","50000","0","17","17","70002","accounts","ملاحظات احمد راس العين","2022-01-29","0","2022-01-29 11:35:50","2022-01-29 11:35:50");
INSERT INTO account_statements VALUES("5","0","144875","1","2","1","mid_bonds","ملاحظات بيع علي جبلة","2022-01-29","0","2022-01-29 11:56:38","2022-01-29 11:56:38");
INSERT INTO account_statements VALUES("6","144875","0","2","1","2","mid_bonds","ملاحظات بيع علي جبلة","2022-01-29","0","2022-01-29 11:56:38","2022-01-29 11:56:38");
INSERT INTO account_statements VALUES("7","144875","144875","8","1","1","bills","ملاحظات بيع علي جبلة","2022-01-29","0","2022-01-29 11:56:38","2022-01-29 11:56:38");
INSERT INTO account_statements VALUES("8","152500","0","1","3","3","mid_bonds","ملاحظات شراء نور بانياس","2022-01-29","0","2022-01-29 11:56:38","2022-01-29 11:56:38");
INSERT INTO account_statements VALUES("9","0","152500","3","1","4","mid_bonds","ملاحظات شراء نور بانياس","2022-01-29","0","2022-01-29 11:56:38","2022-01-29 11:56:38");
INSERT INTO account_statements VALUES("10","152500","152500","12","1","1","bills","ملاحظات شراء نور بانياس","2022-01-29","0","2022-01-29 11:56:39","2022-01-29 11:56:39");
INSERT INTO account_statements VALUES("11","0","221063","1","2","5","mid_bonds","ملاحظات بيع سارة جبلة","2022-01-29","0","2022-01-29 12:03:35","2022-01-29 12:03:35");
INSERT INTO account_statements VALUES("12","221063","0","2","1","6","mid_bonds","ملاحظات بيع سارة جبلة","2022-01-29","0","2022-01-29 12:03:36","2022-01-29 12:03:36");
INSERT INTO account_statements VALUES("13","221063","221063","11","1","2","bills","ملاحظات بيع سارة جبلة","2022-01-29","0","2022-01-29 12:03:36","2022-01-29 12:03:36");
INSERT INTO account_statements VALUES("14","227900","0","1","3","7","mid_bonds","ملاحظات شراء احمد راس العين","2022-01-29","0","2022-01-29 12:03:36","2022-01-29 12:03:36");
INSERT INTO account_statements VALUES("15","0","227900","3","1","8","mid_bonds","ملاحظات شراء احمد راس العين","2022-01-29","0","2022-01-29 12:03:36","2022-01-29 12:03:36");
INSERT INTO account_statements VALUES("16","227900","227900","17","1","2","bills","ملاحظات شراء احمد راس العين","2022-01-29","0","2022-01-29 12:03:36","2022-01-29 12:03:36");
INSERT INTO account_statements VALUES("17","0","83790","1","2","9","mid_bonds","ملاحظات بيع مهند جبلة","2022-01-29","0","2022-01-29 12:05:53","2022-01-29 12:05:53");
INSERT INTO account_statements VALUES("18","83790","0","2","1","10","mid_bonds","ملاحظات بيع مهند جبلة","2022-01-29","0","2022-01-29 12:05:53","2022-01-29 12:05:53");
INSERT INTO account_statements VALUES("19","83790","83790","10","1","3","bills","ملاحظات بيع مهند جبلة","2022-01-29","0","2022-01-29 12:05:53","2022-01-29 12:05:53");
INSERT INTO account_statements VALUES("20","88200","0","1","3","11","mid_bonds","ملاحظات شراء كلودا اللاذقية","2022-01-29","0","2022-01-29 12:05:54","2022-01-29 12:05:54");
INSERT INTO account_statements VALUES("21","0","88200","3","1","12","mid_bonds","ملاحظات شراء كلودا اللاذقية","2022-01-29","0","2022-01-29 12:05:54","2022-01-29 12:05:54");
INSERT INTO account_statements VALUES("22","88200","88200","15","1","3","bills","ملاحظات شراء كلودا اللاذقية","2022-01-29","0","2022-01-29 12:05:54","2022-01-29 12:05:54");
INSERT INTO account_statements VALUES("23","0","380370","1","2","13","mid_bonds","ملاحظات بيع سارة جبلة","2022-01-29","0","2022-01-29 13:07:22","2022-01-29 13:07:22");
INSERT INTO account_statements VALUES("24","380370","0","2","1","14","mid_bonds","ملاحظات بيع سارة جبلة","2022-01-29","0","2022-01-29 13:07:22","2022-01-29 13:07:22");
INSERT INTO account_statements VALUES("25","380370","380370","11","1","4","bills","ملاحظات بيع سارة جبلة","2022-01-29","0","2022-01-29 13:07:22","2022-01-29 13:07:22");
INSERT INTO account_statements VALUES("26","409000","0","1","3","15","mid_bonds","ملاحظات شراء مهند جبلة","2022-01-29","0","2022-01-29 13:07:22","2022-01-29 13:07:22");
INSERT INTO account_statements VALUES("27","0","409000","3","1","16","mid_bonds","ملاحظات شراء مهند جبلة","2022-01-29","0","2022-01-29 13:07:22","2022-01-29 13:07:22");
INSERT INTO account_statements VALUES("28","409000","409000","10","1","4","bills","ملاحظات شراء مهند جبلة","2022-01-29","0","2022-01-29 13:07:22","2022-01-29 13:07:22");
INSERT INTO account_statements VALUES("29","0","90146","1","2","17","mid_bonds","ملاحظات بيع مهند جبلة","2022-01-29","0","2022-01-29 13:12:39","2022-01-29 13:12:39");
INSERT INTO account_statements VALUES("30","90146","0","2","1","18","mid_bonds","ملاحظات بيع مهند جبلة","2022-01-29","0","2022-01-29 13:12:40","2022-01-29 13:12:40");
INSERT INTO account_statements VALUES("31","90146","90146","10","1","5","bills","ملاحظات بيع مهند جبلة","2022-01-29","0","2022-01-29 13:12:40","2022-01-29 13:12:40");
INSERT INTO account_statements VALUES("32","95900","0","1","3","19","mid_bonds","ملاحظات احمد راس العين","2022-01-29","0","2022-01-29 13:12:40","2022-01-29 13:12:40");
INSERT INTO account_statements VALUES("33","0","95900","3","1","20","mid_bonds","ملاحظات احمد راس العين","2022-01-29","0","2022-01-29 13:12:40","2022-01-29 13:12:40");
INSERT INTO account_statements VALUES("34","95900","95900","17","1","5","bills","ملاحظات احمد راس العين","2022-01-29","0","2022-01-29 13:12:40","2022-01-29 13:12:40");
INSERT INTO account_statements VALUES("35","0","129654","9","2","21","mid_bonds","ملاحظات بيع اجل احمد جبلة","2022-01-29","0","2022-01-29 13:24:46","2022-01-29 13:24:46");
INSERT INTO account_statements VALUES("36","129654","0","2","9","22","mid_bonds","ملاحظات بيع اجل احمد جبلة","2022-01-29","0","2022-01-29 13:24:46","2022-01-29 13:24:46");
INSERT INTO account_statements VALUES("37","132300","0","13","3","23","mid_bonds","ملاحظات شراء اجل رغد بانياس","2022-01-29","0","2022-01-29 13:24:46","2022-01-29 13:24:46");
INSERT INTO account_statements VALUES("38","0","132300","3","13","24","mid_bonds","ملاحظات شراء اجل رغد بانياس","2022-01-29","0","2022-01-29 13:24:47","2022-01-29 13:24:47");
INSERT INTO account_statements VALUES("39","0","92400","12","2","25","mid_bonds","ملاحظات بيع اجل نور بانياس","2022-01-29","0","2022-01-29 13:39:39","2022-01-29 13:39:39");
INSERT INTO account_statements VALUES("40","92400","0","2","12","26","mid_bonds","ملاحظات بيع اجل نور بانياس","2022-01-29","0","2022-01-29 13:39:39","2022-01-29 13:39:39");
INSERT INTO account_statements VALUES("41","96250","0","11","3","27","mid_bonds","ملاحظات شرتء اجل سارة جبلة","2022-01-29","0","2022-01-29 13:39:39","2022-01-29 13:39:39");
INSERT INTO account_statements VALUES("42","0","96250","3","11","28","mid_bonds","ملاحظات شرتء اجل سارة جبلة","2022-01-29","0","2022-01-29 13:39:39","2022-01-29 13:39:39");
INSERT INTO account_statements VALUES("43","0","53196","8","2","29","mid_bonds","ملاحظات بيع اجل علي جبلة","2022-01-29","0","2022-01-29 13:41:58","2022-01-29 13:41:58");
INSERT INTO account_statements VALUES("44","53196","0","2","8","30","mid_bonds","ملاحظات بيع اجل علي جبلة","2022-01-29","0","2022-01-29 13:41:58","2022-01-29 13:41:58");
INSERT INTO account_statements VALUES("45","57200","0","12","3","31","mid_bonds","ملاحطات شراء اجل نور بانياس","2022-01-29","0","2022-01-29 13:41:58","2022-01-29 13:41:58");
INSERT INTO account_statements VALUES("46","0","57200","3","12","32","mid_bonds","ملاحطات شراء اجل نور بانياس","2022-01-29","0","2022-01-29 13:41:58","2022-01-29 13:41:58");
INSERT INTO account_statements VALUES("47","0","1163750","11","2","33","mid_bonds","ملاحظات بيع اجل سارة جبلة","2022-01-29","0","2022-01-29 13:45:39","2022-01-29 13:45:39");
INSERT INTO account_statements VALUES("48","1163750","0","2","11","34","mid_bonds","ملاحظات بيع اجل سارة جبلة","2022-01-29","0","2022-01-29 13:45:39","2022-01-29 13:45:39");
INSERT INTO account_statements VALUES("49","1225000","0","8","3","35","mid_bonds","ملاحظات شراء اجل علي جبلة","2022-01-29","0","2022-01-29 13:45:39","2022-01-29 13:45:39");
INSERT INTO account_statements VALUES("50","0","1225000","3","8","36","mid_bonds","ملاحظات شراء اجل علي جبلة","2022-01-29","0","2022-01-29 13:45:39","2022-01-29 13:45:39");
INSERT INTO account_statements VALUES("51","0","26970","15","2","37","mid_bonds","ملاحظات بيع اجل كلودا اللاذقية","2022-01-29","0","2022-01-29 13:52:07","2022-01-29 13:52:07");
INSERT INTO account_statements VALUES("52","26970","0","2","15","38","mid_bonds","ملاحظات بيع اجل كلودا اللاذقية","2022-01-29","0","2022-01-29 13:52:07","2022-01-29 13:52:07");



CREATE TABLE `accounts` (
  `id` int(11) NOT NULL AUTO_INCREMENT,
  `code` varchar(250) NOT NULL,
  `name` varchar(250) DEFAULT NULL,
  `maden` varchar(250) DEFAULT NULL,
  `daen` varchar(250) DEFAULT NULL,
  `phone` varchar(250) DEFAULT NULL,
  `email` varchar(250) DEFAULT NULL,
  `account_id` int(11) NOT NULL DEFAULT 0,
  `city` varchar(250) DEFAULT NULL,
  `state` varchar(250) DEFAULT NULL,
  `location` varchar(250) DEFAULT NULL,
  `note` varchar(250) DEFAULT NULL,
  `is_deleted` int(2) NOT NULL DEFAULT 0,
  `type` varchar(250) NOT NULL,
  `created_at` timestamp NOT NULL DEFAULT current_timestamp(),
  `updated_at` timestamp NOT NULL DEFAULT current_timestamp(),
  PRIMARY KEY (`id`)
) ENGINE=InnoDB AUTO_INCREMENT=18 DEFAULT CHARSET=utf8;

INSERT INTO accounts VALUES("1","1","الصندوق","","","","","0","","","","","0","","2022-01-29 11:10:08","2022-01-29 11:10:08");
INSERT INTO accounts VALUES("2","2","المشتريات","","","","","0","","","","","0","","2022-01-29 11:10:08","2022-01-29 11:10:08");
INSERT INTO accounts VALUES("3","3","المبيعات","","","","","0","","","","","0","","2022-01-29 11:10:08","2022-01-29 11:10:08");
INSERT INTO accounts VALUES("4","4","حسابات جبلة","","","","","0","","","","","0","","2022-01-29 11:18:16","2022-01-29 11:18:16");
INSERT INTO accounts VALUES("5","5","حسابات بانياس","","","","","0","","","","","0","","2022-01-29 11:23:28","2022-01-29 11:23:28");
INSERT INTO accounts VALUES("6","6","حسابات اللاذقية","","","","","0","","","","","0","","2022-01-29 11:23:42","2022-01-29 11:23:42");
INSERT INTO accounts VALUES("7","7","حسابات رأس العين","","","","","0","","","","","0","","2022-01-29 11:23:50","2022-01-29 11:23:50");
INSERT INTO accounts VALUES("8","40001","علي جبلة","","","40001","","4","جبلة","اللاذقية ","جبلة 2","ملاحظات علي جبلة","0","","2022-01-29 11:24:12","2022-01-29 11:26:19");
INSERT INTO accounts VALUES("9","40002","احمد جبلة","","","40002","","4","جبلة","اللاذقية","جبلة 1","ملاحظات احمد جبلة","0","","2022-01-29 11:24:23","2022-01-29 11:26:27");
INSERT INTO accounts VALUES("10","40003","مهند جبلة","0","10000","40003","","4","جبلة","اللاذقية","جبلة","ملاحظات مهند","0","","2022-01-29 11:25:10","2022-01-29 11:26:35");
INSERT INTO accounts VALUES("11","40004","سارة جبلة","100000","","40004","","4","جبلة","اللاذقية","جبلة 2","ملاحظات سارة جبلة","0","","2022-01-29 11:29:11","2022-01-29 11:29:11");
INSERT INTO accounts VALUES("12","50001","نور بانياس","","","50001","","5","بانياس","طرطوس","بانياس1","ملاحظات نور بانياس","0","","2022-01-29 11:31:03","2022-01-29 11:31:03");
INSERT INTO accounts VALUES("13","50002","رغد بانياس","","","50002","","5","بانياس","طرطوس","بانياس2","ملاحظات رغد بانياس","0","","2022-01-29 11:31:37","2022-01-29 11:31:37");
INSERT INTO accounts VALUES("14","50003","علي بانياس للحذف","","","50003","","5","بانياس","طرطوس","بانياس3","ملاحظات بانياس للحذف","0","","2022-01-29 11:33:11","2022-01-29 11:33:11");
INSERT INTO accounts VALUES("15","60001","كلودا اللاذقية","","200000","60001","","6","اللاذقية","اللاذقية","اللاذقية1","ملاحظات كلودا اللاذقية","0","","2022-01-29 11:34:23","2022-01-29 11:34:23");
INSERT INTO accounts VALUES("16","70001","أبي راس العين","","","70001","","7","جبلة","اللاذقية","راس العين","ملاحظات ابي راس العين","0","","2022-01-29 11:34:55","2022-01-29 11:34:55");
INSERT INTO accounts VALUES("17","70002","احمد راس العين","50000","","70002","","7","جبلة","اللاذقية","راس العين","ملاحظات احمد راس العين","0","","2022-01-29 11:35:49","2022-01-29 11:35:49");



CREATE TABLE `bill_item` (
  `id` int(11) NOT NULL AUTO_INCREMENT,
  `bill_id` int(11) NOT NULL,
  `item_id` int(11) NOT NULL,
  `total_weight` varchar(250) DEFAULT NULL,
  `real_weight` varchar(250) DEFAULT NULL,
  `price` varchar(250) DEFAULT NULL,
  `total_item_price` varchar(250) DEFAULT NULL,
  `bill_item_note` varchar(250) DEFAULT NULL,
  `is_deleted` int(2) NOT NULL DEFAULT 0,
  `updated_at` timestamp NOT NULL DEFAULT current_timestamp(),
  `created_at` timestamp NOT NULL DEFAULT current_timestamp(),
  PRIMARY KEY (`id`)
) ENGINE=InnoDB AUTO_INCREMENT=25 DEFAULT CHARSET=utf8;

INSERT INTO bill_item VALUES("1","1","9","102","100","500","50000","فاتورة 1 يسرى","0","2022-01-29 11:56:38","2022-01-29 11:56:38");
INSERT INTO bill_item VALUES("2","1","11","51","50","550","27500","فاتورة 1 درعاوية","0","2022-01-29 11:56:38","2022-01-29 11:56:38");
INSERT INTO bill_item VALUES("3","1","12","31","30","2500","75000","فاتورة 1 موز","0","2022-01-29 11:56:38","2022-01-29 11:56:38");
INSERT INTO bill_item VALUES("4","2","14","41","40","5000","200000","فاتورة 2 فريز","0","2022-01-29 12:03:35","2022-01-29 12:03:35");
INSERT INTO bill_item VALUES("5","2","16","63","62","450","27900","فاتورة 2 خيار","0","2022-01-29 12:03:35","2022-01-29 12:03:35");
INSERT INTO bill_item VALUES("6","3","17","200","196","450","88200","فاتورة 3 خس","0","2022-01-29 12:05:53","2022-01-29 12:05:53");
INSERT INTO bill_item VALUES("7","4","7","102","100","500","50000","فاتورة 4 أبو صرة","0","2022-01-29 13:07:22","2022-01-29 13:07:22");
INSERT INTO bill_item VALUES("8","4","4","155","152","750","114000","فاتورة 4 ماوردي","0","2022-01-29 13:07:22","2022-01-29 13:07:22");
INSERT INTO bill_item VALUES("9","4","5","250","245","1000","245000","فاتورة 4 أبو ميلو","0","2022-01-29 13:07:22","2022-01-29 13:07:22");
INSERT INTO bill_item VALUES("10","5","18","51","50","350","17500","فاتورة 5 ملفوف","0","2022-01-29 13:12:39","2022-01-29 13:12:39");
INSERT INTO bill_item VALUES("11","5","17","100","98","500","49000","فاتورة 5 خس","0","2022-01-29 13:12:39","2022-01-29 13:12:39");
INSERT INTO bill_item VALUES("12","5","13","43","42","700","29400","فاتورة 5 كرز","0","2022-01-29 13:12:39","2022-01-29 13:12:39");
INSERT INTO bill_item VALUES("13","6","8","150","147","300","44100","فاتورة 6 بستونا","0","2022-01-29 13:24:46","2022-01-29 13:24:46");
INSERT INTO bill_item VALUES("14","6","9","200","196","450","88200","فاتورة 6 يسرى","0","2022-01-29 13:24:46","2022-01-29 13:24:46");
INSERT INTO bill_item VALUES("15","7","14","75","74","800","59200","فاتورة 7 فريز","0","2022-01-29 13:39:38","2022-01-29 13:39:38");
INSERT INTO bill_item VALUES("16","7","13","40","39","950","37050","فاتورة 7 كرز","0","2022-01-29 13:39:39","2022-01-29 13:39:39");
INSERT INTO bill_item VALUES("17","8","16","90","88","650","57200","فاتورة 8 خيار","0","2022-01-29 13:41:58","2022-01-29 13:41:58");
INSERT INTO bill_item VALUES("18","9","2","500","490","500","245000","فاتورة 9 بلنصيا","0","2022-01-29 13:45:38","2022-01-29 13:45:38");
INSERT INTO bill_item VALUES("19","9","5","500","490","500","245000","فاتورة 9 ابوميلو","0","2022-01-29 13:45:39","2022-01-29 13:45:39");
INSERT INTO bill_item VALUES("20","9","7","500","490","500","245000","فاتورة 9 ابوصرة","0","2022-01-29 13:45:39","2022-01-29 13:45:39");
INSERT INTO bill_item VALUES("21","9","3","500","490","500","245000","فاتورة 9 ساستوما","0","2022-01-29 13:45:39","2022-01-29 13:45:39");
INSERT INTO bill_item VALUES("22","9","4","500","490","500","245000","فاتورة 9 ماوردي","0","2022-01-29 13:45:39","2022-01-29 13:45:39");
INSERT INTO bill_item VALUES("23","10","9","30","29","500","14500","فاتورة 10 يسرى","0","2022-01-29 13:52:07","2022-01-29 13:52:07");
INSERT INTO bill_item VALUES("24","10","8","30","29","500","14500","فاتورة 10 بستونا","0","2022-01-29 13:52:07","2022-01-29 13:52:07");



CREATE TABLE `bills` (
  `id` int(11) NOT NULL AUTO_INCREMENT,
  `code` varchar(250) DEFAULT NULL,
  `buyer_id` int(10) unsigned NOT NULL,
  `seller_id` int(10) unsigned NOT NULL,
  `buyer_type_pay` varchar(250) DEFAULT NULL,
  `seller_type_pay` varchar(250) DEFAULT NULL,
  `buyer_note` varchar(250) DEFAULT NULL,
  `seller_note` varchar(250) DEFAULT NULL,
  `total_price` varchar(255) DEFAULT NULL,
  `currency` varchar(250) NOT NULL DEFAULT 'ليرة سورية',
  `com_ratio` varchar(250) DEFAULT NULL,
  `com_value` varchar(250) DEFAULT NULL,
  `real_price` varchar(250) DEFAULT NULL,
  `note` varchar(255) DEFAULT NULL,
  `is_deleted` int(2) NOT NULL DEFAULT 0,
  `date` date DEFAULT NULL,
  `created_at` timestamp NOT NULL DEFAULT current_timestamp(),
  `updated_at` timestamp NOT NULL DEFAULT current_timestamp(),
  PRIMARY KEY (`id`)
) ENGINE=InnoDB AUTO_INCREMENT=11 DEFAULT CHARSET=utf8;

INSERT INTO bills VALUES("1","1","12","8","cash","cash","ملاحظات شراء نور بانياس","ملاحظات بيع علي جبلة","152500","ليرة سورية","5","7625","144875","","0","2022-01-29","2022-01-29 11:56:38","2022-01-29 11:56:38");
INSERT INTO bills VALUES("2","2","17","11","cash","cash","ملاحظات شراء احمد راس العين","ملاحظات بيع سارة جبلة","227900","ليرة سورية","3","6837","221063","","0","2022-01-29","2022-01-29 12:03:35","2022-01-29 12:03:35");
INSERT INTO bills VALUES("3","3","15","10","cash","cash","ملاحظات شراء كلودا اللاذقية","ملاحظات بيع مهند جبلة","88200","ليرة سورية","5","4410","83790","","0","2022-01-29","2022-01-29 12:05:53","2022-01-29 12:05:53");
INSERT INTO bills VALUES("4","4","10","11","cash","cash","ملاحظات شراء مهند جبلة","ملاحظات بيع سارة جبلة","409000","ليرة سورية","7","28630","380370","","0","2022-01-29","2022-01-29 13:07:22","2022-01-29 13:07:22");
INSERT INTO bills VALUES("5","5","17","10","cash","cash","ملاحظات احمد راس العين","ملاحظات بيع مهند جبلة","95900","ليرة سورية","6","5754","90146","","0","2022-01-29","2022-01-29 13:12:39","2022-01-29 13:12:39");
INSERT INTO bills VALUES("6","6","13","9","agel","agel","ملاحظات شراء اجل رغد بانياس","ملاحظات بيع اجل احمد جبلة","132300","ليرة سورية","2","2646","129654","","0","2022-01-29","2022-01-29 13:24:46","2022-01-29 13:24:46");
INSERT INTO bills VALUES("7","7","11","12","agel","agel","ملاحظات شرتء اجل سارة جبلة","ملاحظات بيع اجل نور بانياس","96250","ليرة سورية","4","3850","92400","","0","2022-01-29","2022-01-29 13:39:38","2022-01-29 13:39:38");
INSERT INTO bills VALUES("8","8","12","8","agel","agel","ملاحطات شراء اجل نور بانياس","ملاحظات بيع اجل علي جبلة","57200","ليرة سورية","7","4004","53196","","0","2022-01-29","2022-01-29 13:41:57","2022-01-29 13:41:57");
INSERT INTO bills VALUES("9","9","8","11","agel","agel","ملاحظات شراء اجل علي جبلة","ملاحظات بيع اجل سارة جبلة","1225000","ليرة سورية","5","61250","1163750","","0","2022-01-29","2022-01-29 13:45:38","2022-01-29 13:45:38");
INSERT INTO bills VALUES("10","10","0","15","","agel","","ملاحظات بيع اجل كلودا اللاذقية","29000","ليرة سورية","7","2030","26970","","0","2022-01-29","2022-01-29 13:52:07","2022-01-29 13:52:07");



CREATE TABLE `catch_bonds` (
  `id` int(11) NOT NULL AUTO_INCREMENT,
  `code` varchar(250) DEFAULT NULL,
  `main_account_id` int(11) NOT NULL,
  `other_account_id` int(11) NOT NULL,
  `maden` varchar(250) NOT NULL,
  `date` date DEFAULT NULL,
  `currency` varchar(250) DEFAULT NULL,
  `note` varchar(250) NOT NULL,
  `main_note` varchar(250) DEFAULT NULL,
  `is_deleted` int(2) NOT NULL DEFAULT 0,
  `created_at` timestamp NOT NULL DEFAULT current_timestamp(),
  `updated_at` timestamp NOT NULL DEFAULT current_timestamp(),
  PRIMARY KEY (`id`)
) ENGINE=InnoDB DEFAULT CHARSET=utf8;




CREATE TABLE `categories` (
  `id` int(11) NOT NULL AUTO_INCREMENT,
  `name` varchar(250) NOT NULL,
  `code` varchar(250) NOT NULL,
  `note` varchar(250) NOT NULL,
  `is_deleted` int(2) NOT NULL DEFAULT 0,
  `created_at` timestamp NOT NULL DEFAULT current_timestamp(),
  `updated_at` timestamp NOT NULL DEFAULT current_timestamp(),
  PRIMARY KEY (`id`)
) ENGINE=InnoDB AUTO_INCREMENT=5 DEFAULT CHARSET=utf8;

INSERT INTO categories VALUES("1","ليمون","1","ملاحظات ليمون ","0","2022-01-29 11:36:22","2022-01-29 11:36:22");
INSERT INTO categories VALUES("2","بندورة","2","ملاحظات بندورة ","0","2022-01-29 11:36:43","2022-01-29 11:36:43");
INSERT INTO categories VALUES("3","فواكه","3"," ملاحظات فواكه","0","2022-01-29 11:37:01","2022-01-29 11:37:01");
INSERT INTO categories VALUES("4","خضار","4"," ملاحظات خضار","0","2022-01-29 11:37:10","2022-01-29 11:37:10");



CREATE TABLE `items` (
  `id` int(11) NOT NULL AUTO_INCREMENT,
  `name` varchar(250) DEFAULT NULL,
  `type` varchar(250) DEFAULT NULL,
  `unit` varchar(250) DEFAULT NULL,
  `unit_2` varchar(250) DEFAULT NULL,
  `unit_operator` varchar(250) DEFAULT NULL,
  `unit_3` varchar(250) DEFAULT NULL,
  `unit2_operator` varchar(250) DEFAULT NULL,
  `note` varchar(250) DEFAULT NULL,
  `code` varchar(250) DEFAULT NULL,
  `category_id` int(11) DEFAULT NULL,
  `price_wholesale` varchar(250) DEFAULT NULL,
  `price_retail` varchar(250) DEFAULT NULL,
  `price_customer` varchar(250) DEFAULT NULL,
  `price_distribution` varchar(250) DEFAULT NULL,
  `cost` varchar(250) DEFAULT NULL,
  `price_policy` varchar(250) DEFAULT NULL,
  `is_deleted` int(2) NOT NULL DEFAULT 0,
  `created_at` timestamp NOT NULL DEFAULT current_timestamp(),
  `updated_at` timestamp NOT NULL DEFAULT current_timestamp(),
  PRIMARY KEY (`id`)
) ENGINE=InnoDB AUTO_INCREMENT=19 DEFAULT CHARSET=utf8;

INSERT INTO items VALUES("1","كرمنتينا","","كغ","","","","","ملاحطات كرمنتينا","10001","1","","","","","","","0","2022-01-29 11:37:52","2022-01-29 11:37:52");
INSERT INTO items VALUES("2","بلنصيا","","كغ","","","","","ملاحظات بلنصيا","10002","1","","","","","","","0","2022-01-29 11:38:05","2022-01-29 11:38:05");
INSERT INTO items VALUES("3","ساستوما","","كغ","","","","","ملاحظات ساستوما","10003","1","","","","","","","0","2022-01-29 11:38:18","2022-01-29 11:38:18");
INSERT INTO items VALUES("4","ماوردي","","كغ","","","","","ملاحظات ماوردي","10004","1","","","","","","","0","2022-01-29 11:38:34","2022-01-29 11:38:34");
INSERT INTO items VALUES("5","ابوميلو","","كغ","","","","","ملاحظات ابوميلو","10005","1","","","","","","","0","2022-01-29 11:39:05","2022-01-29 11:39:05");
INSERT INTO items VALUES("6","يافاوي","","كغ","","","","","ملاحظات يافاوي","10006","1","","","","","","","0","2022-01-29 11:39:16","2022-01-29 11:39:16");
INSERT INTO items VALUES("7","ابوصرة","","كغ","","","","","ملاحظات ابوصرة","10007","1","","","","","","","0","2022-01-29 11:39:29","2022-01-29 11:39:29");
INSERT INTO items VALUES("8","بستونا","","كغ","","","","","ملاحظات بستونا","20001","2","","","","","","","0","2022-01-29 11:39:48","2022-01-29 11:39:48");
INSERT INTO items VALUES("9","يسرى","","كغ","","","","","ملاحظات يسرى","20002","2","","","","","","","0","2022-01-29 11:40:06","2022-01-29 11:40:06");
INSERT INTO items VALUES("10","مندلون","","كغ","","","","","ملاحظات مندلون","20003","2","","","","","","","0","2022-01-29 11:40:22","2022-01-29 11:40:22");
INSERT INTO items VALUES("11","درعاوية","","كغ","","","","","ملاحظات درعاوية","20004","2","","","","","","","0","2022-01-29 11:40:34","2022-01-29 11:40:34");
INSERT INTO items VALUES("12","موز","","كغ","","","","","ملاحظات موز","30001","3","","","","","","","0","2022-01-29 11:40:47","2022-01-29 11:40:47");
INSERT INTO items VALUES("13","كرز","","كغ","","","","","ملاحظات كرز","30002","3","","","","","","","0","2022-01-29 11:40:57","2022-01-29 11:40:57");
INSERT INTO items VALUES("14","فريز","","كغ","","","","","ملاحظات فريز","30003","3","","","","","","","0","2022-01-29 11:41:06","2022-01-29 11:41:06");
INSERT INTO items VALUES("15","بطاطا","","كغ","","","","","ملاحظات بطاطا","40001","4","","","","","","","0","2022-01-29 11:41:32","2022-01-29 11:41:32");
INSERT INTO items VALUES("16","خيار","","كغ","","","","","ملاحظات خيار","40002","4","","","","","","","0","2022-01-29 11:41:41","2022-01-29 11:41:41");
INSERT INTO items VALUES("17","خس","","كغ","","","","","ملاحظات خس","40003","4","","","","","","","0","2022-01-29 11:41:48","2022-01-29 11:41:48");
INSERT INTO items VALUES("18","ملفوف","","كغ","","","","","ملاحظات ملفوف","40004","4","","","","","","","0","2022-01-29 11:41:57","2022-01-29 11:41:57");



CREATE TABLE `mid_bonds` (
  `id` int(11) NOT NULL AUTO_INCREMENT,
  `code` varchar(250) DEFAULT NULL,
  `main_account_id` int(11) NOT NULL,
  `other_account_id` int(11) NOT NULL,
  `bill_id` int(11) DEFAULT NULL,
  `daen` varchar(250) NOT NULL DEFAULT '0',
  `maden` varchar(250) NOT NULL DEFAULT '0',
  `date` date DEFAULT NULL,
  `currency` varchar(250) DEFAULT NULL,
  `note` varchar(250) NOT NULL,
  `is_deleted` int(2) NOT NULL DEFAULT 0,
  `created_at` timestamp NOT NULL DEFAULT current_timestamp(),
  `updated_at` timestamp NOT NULL DEFAULT current_timestamp(),
  PRIMARY KEY (`id`)
) ENGINE=InnoDB AUTO_INCREMENT=39 DEFAULT CHARSET=utf8;

INSERT INTO mid_bonds VALUES("1","1","1","2","1","144875","0","2022-01-29","","ملاحظات بيع علي جبلة","0","2022-01-29 11:56:38","2022-01-29 11:56:38");
INSERT INTO mid_bonds VALUES("2","2","2","1","1","0","144875","2022-01-29","","ملاحظات بيع علي جبلة","0","2022-01-29 11:56:38","2022-01-29 11:56:38");
INSERT INTO mid_bonds VALUES("3","3","1","3","1","0","152500","2022-01-29","","ملاحظات شراء نور بانياس","0","2022-01-29 11:56:38","2022-01-29 11:56:38");
INSERT INTO mid_bonds VALUES("4","4","3","1","1","152500","0","2022-01-29","","ملاحظات شراء نور بانياس","0","2022-01-29 11:56:38","2022-01-29 11:56:38");
INSERT INTO mid_bonds VALUES("5","5","1","2","2","221063","0","2022-01-29","","ملاحظات بيع سارة جبلة","0","2022-01-29 12:03:35","2022-01-29 12:03:35");
INSERT INTO mid_bonds VALUES("6","6","2","1","2","0","221063","2022-01-29","","ملاحظات بيع سارة جبلة","0","2022-01-29 12:03:35","2022-01-29 12:03:35");
INSERT INTO mid_bonds VALUES("7","7","1","3","2","0","227900","2022-01-29","","ملاحظات شراء احمد راس العين","0","2022-01-29 12:03:36","2022-01-29 12:03:36");
INSERT INTO mid_bonds VALUES("8","8","3","1","2","227900","0","2022-01-29","","ملاحظات شراء احمد راس العين","0","2022-01-29 12:03:36","2022-01-29 12:03:36");
INSERT INTO mid_bonds VALUES("9","9","1","2","3","83790","0","2022-01-29","","ملاحظات بيع مهند جبلة","0","2022-01-29 12:05:53","2022-01-29 12:05:53");
INSERT INTO mid_bonds VALUES("10","10","2","1","3","0","83790","2022-01-29","","ملاحظات بيع مهند جبلة","0","2022-01-29 12:05:53","2022-01-29 12:05:53");
INSERT INTO mid_bonds VALUES("11","11","1","3","3","0","88200","2022-01-29","","ملاحظات شراء كلودا اللاذقية","0","2022-01-29 12:05:54","2022-01-29 12:05:54");
INSERT INTO mid_bonds VALUES("12","12","3","1","3","88200","0","2022-01-29","","ملاحظات شراء كلودا اللاذقية","0","2022-01-29 12:05:54","2022-01-29 12:05:54");
INSERT INTO mid_bonds VALUES("13","13","1","2","4","380370","0","2022-01-29","","ملاحظات بيع سارة جبلة","0","2022-01-29 13:07:22","2022-01-29 13:07:22");
INSERT INTO mid_bonds VALUES("14","14","2","1","4","0","380370","2022-01-29","","ملاحظات بيع سارة جبلة","0","2022-01-29 13:07:22","2022-01-29 13:07:22");
INSERT INTO mid_bonds VALUES("15","15","1","3","4","0","409000","2022-01-29","","ملاحظات شراء مهند جبلة","0","2022-01-29 13:07:22","2022-01-29 13:07:22");
INSERT INTO mid_bonds VALUES("16","16","3","1","4","409000","0","2022-01-29","","ملاحظات شراء مهند جبلة","0","2022-01-29 13:07:22","2022-01-29 13:07:22");
INSERT INTO mid_bonds VALUES("17","17","1","2","5","90146","0","2022-01-29","","ملاحظات بيع مهند جبلة","0","2022-01-29 13:12:39","2022-01-29 13:12:39");
INSERT INTO mid_bonds VALUES("18","18","2","1","5","0","90146","2022-01-29","","ملاحظات بيع مهند جبلة","0","2022-01-29 13:12:39","2022-01-29 13:12:39");
INSERT INTO mid_bonds VALUES("19","19","1","3","5","0","95900","2022-01-29","","ملاحظات احمد راس العين","0","2022-01-29 13:12:40","2022-01-29 13:12:40");
INSERT INTO mid_bonds VALUES("20","20","3","1","5","95900","0","2022-01-29","","ملاحظات احمد راس العين","0","2022-01-29 13:12:40","2022-01-29 13:12:40");
INSERT INTO mid_bonds VALUES("21","21","9","2","","0","0","2022-01-29","","ملاحظات بيع اجل احمد جبلة","0","2022-01-29 13:24:46","2022-01-29 13:24:46");
INSERT INTO mid_bonds VALUES("22","22","2","9","","129654","0","2022-01-29","","ملاحظات بيع اجل احمد جبلة","0","2022-01-29 13:24:46","2022-01-29 13:24:46");
INSERT INTO mid_bonds VALUES("23","23","13","3","","0","132300","2022-01-29","","ملاحظات شراء اجل رغد بانياس","0","2022-01-29 13:24:46","2022-01-29 13:24:46");
INSERT INTO mid_bonds VALUES("24","24","3","13","","132300","0","2022-01-29","","ملاحظات شراء اجل رغد بانياس","0","2022-01-29 13:24:46","2022-01-29 13:24:46");
INSERT INTO mid_bonds VALUES("25","25","12","2","","0","0","2022-01-29","","ملاحظات بيع اجل نور بانياس","0","2022-01-29 13:39:39","2022-01-29 13:39:39");
INSERT INTO mid_bonds VALUES("26","26","2","12","","92400","0","2022-01-29","","ملاحظات بيع اجل نور بانياس","0","2022-01-29 13:39:39","2022-01-29 13:39:39");
INSERT INTO mid_bonds VALUES("27","27","11","3","","0","96250","2022-01-29","","ملاحظات شرتء اجل سارة جبلة","0","2022-01-29 13:39:39","2022-01-29 13:39:39");
INSERT INTO mid_bonds VALUES("28","28","3","11","","96250","0","2022-01-29","","ملاحظات شرتء اجل سارة جبلة","0","2022-01-29 13:39:39","2022-01-29 13:39:39");
INSERT INTO mid_bonds VALUES("29","29","8","2","","0","0","2022-01-29","","ملاحظات بيع اجل علي جبلة","0","2022-01-29 13:41:58","2022-01-29 13:41:58");
INSERT INTO mid_bonds VALUES("30","30","2","8","","53196","0","2022-01-29","","ملاحظات بيع اجل علي جبلة","0","2022-01-29 13:41:58","2022-01-29 13:41:58");
INSERT INTO mid_bonds VALUES("31","31","12","3","","0","57200","2022-01-29","","ملاحطات شراء اجل نور بانياس","0","2022-01-29 13:41:58","2022-01-29 13:41:58");
INSERT INTO mid_bonds VALUES("32","32","3","12","","57200","0","2022-01-29","","ملاحطات شراء اجل نور بانياس","0","2022-01-29 13:41:58","2022-01-29 13:41:58");
INSERT INTO mid_bonds VALUES("33","33","11","2","","0","0","2022-01-29","","ملاحظات بيع اجل سارة جبلة","0","2022-01-29 13:45:39","2022-01-29 13:45:39");
INSERT INTO mid_bonds VALUES("34","34","2","11","","1163750","0","2022-01-29","","ملاحظات بيع اجل سارة جبلة","0","2022-01-29 13:45:39","2022-01-29 13:45:39");
INSERT INTO mid_bonds VALUES("35","35","8","3","","0","1225000","2022-01-29","","ملاحظات شراء اجل علي جبلة","0","2022-01-29 13:45:39","2022-01-29 13:45:39");
INSERT INTO mid_bonds VALUES("36","36","3","8","","1225000","0","2022-01-29","","ملاحظات شراء اجل علي جبلة","0","2022-01-29 13:45:39","2022-01-29 13:45:39");
INSERT INTO mid_bonds VALUES("37","37","15","2","","0","0","2022-01-29","","ملاحظات بيع اجل كلودا اللاذقية","0","2022-01-29 13:52:07","2022-01-29 13:52:07");
INSERT INTO mid_bonds VALUES("38","38","2","15","","26970","0","2022-01-29","","ملاحظات بيع اجل كلودا اللاذقية","0","2022-01-29 13:52:07","2022-01-29 13:52:07");



CREATE TABLE `payment_bonds` (
  `id` int(11) NOT NULL AUTO_INCREMENT,
  `code` varchar(250) DEFAULT NULL,
  `main_account_id` int(11) NOT NULL,
  `other_account_id` int(11) NOT NULL,
  `daen` varchar(250) NOT NULL,
  `date` date DEFAULT NULL,
  `currency` varchar(250) DEFAULT NULL,
  `note` varchar(250) NOT NULL,
  `main_note` varchar(250) DEFAULT NULL,
  `is_deleted` int(11) NOT NULL DEFAULT 0,
  `created_at` timestamp NOT NULL DEFAULT current_timestamp(),
  `updated_at` timestamp NOT NULL DEFAULT current_timestamp(),
  PRIMARY KEY (`id`)
) ENGINE=InnoDB DEFAULT CHARSET=utf8;


